_id,name
1,Abilene Christian University (acu.edu)
2,Adelphi University (adelphi.edu)
3,Agnes Scott College (scottlan.edu)
4,Air Force Institute of Technology (afit.af.mil)
5,Alabama A&M University (aamu.edu)
6,Alabama State University (alasu.edu)
7,Alaska Pacific University
8,Albertson College of Idaho (acofi.edu)
9,Albion College (albion.edu)
10,Alderson-Broaddus College
11,Alfred University (alfred.edu)
12,Allegheny College (alleg.edu)
13,Allentown College of Saint Francis de Sales (allencol.edu)
14,Alma College (alma.edu)
15,Alverno College (alverno.edu)
16,Ambassador University (ambassador.edu)
17,American Coastline University (amercoastuniv.edu)
18,American Graduate School of International Management (t-bird.edu)
19,American International College (aic.edu)
20,American University (american.edu)
21,Amherst College (amherst.edu)
22,Andrews University (andrews.edu)
23,Angelo State University (angelo.edu)
24,Antioch College (college.antioch.edu)
25,Antioch New England (antiochne.edu)
26,Antioch University-Los Angeles (antiochla.edu)
27,Antioch University-Seattle (seattleantioch.edu)
28,Appalachian State University (appstate.edu)
29,Aquinas College (aquinas.edu)
30,Arizona State University (asu.edu)
31,Arizona State University East
32,Arizona State University West (west.asu.edu)
33,Arizona Western College (awc.cc.az.us)
34,"Arkansas State University, Jonesboro (astate.edu)"
35,Arkansas Tech University (atu.edu)
36,Armstrong State College (armstrong.edu)
37,Ashland University (ashland.edu)
38,Assumption College (assumption.edu)
39,Athens State College
40,Auburn University (auburn.edu)
41,Auburn University - Montgomery (aum.edu)
42,Augsburg College (augsburg.edu)
43,Augustana College (IL) (augustana.edu)
44,Augustana College (SD) (augie.edu)
45,Aurora University (aurora.edu)
46,Austin College (austinc.edu)
47,Austin Peay State University (apsu.edu)
48,Averett College (averett.edu)
49,Avila College (avila.edu)
50,Azusa Pacific University (apu.edu)
51,Babson College (babson.edu)
52,Baldwin-Wallace College (baldwinw.edu)
53,Ball State University (bsu.edu)
54,Baker University (bakeru.edu)
55,Baptist Bible College (bbc.edu)
56,Bard College (bard.edu)
57,Barry University (barry.edu)
58,Bastyr University (bastyr.edu)
59,Bates College (bates.edu)
60,Baylor College of Medicine (bcm.tmc.edu)
61,Baylor University (baylor.edu)
62,Beaver College (beaver.edu)
63,Belmont University (belmont.edu)
64,Beloit College (beloit.edu)
65,Bemidji State University (bemidji.msus.edu)
66,Benedictine College (benedictine.edu)
67,Bennington College (bennington.edu)
68,Bentley College (bentley.edu)
69,Berea College (berea.edu)
70,Berklee College of Music (berklee.edu)
71,Bethany College (CA) (bethany.edu)
72,Bethany College (WV) (bethany.wvnet.edu)
73,Bethel College (KS) (bethelks.edu)
74,Bethel College and Seminary (MN) (bethel.edu)
75,Biola University (biola.edu)
76,Birmingham-Southern College (bsc.edu)
77,Black Hills State University (bhsu.edu)
78,Bloomsburg University of Pennsylvania (bloomu.edu)
79,Bluffton College (bluffton.edu)
80,Bob Jones University (bju.edu)
81,Boise State University (idbsu.edu)
82,Boston College (bc.edu)
83,Boston Graduate School of Psychoanalysis (bgsp.edu)
84,Boston University (bu.edu)
85,Bowdoin College (bowdoin.edu)
86,Bowie State University (bsu.umd.edu)
87,Bowling Green State University (bgsu.edu)
88,Bradley University (bradley.edu)
89,Brandeis University (brandeis.edu)
90,Brenau University (brenau.edu)
91,Briar Cliff College (briar-cliff.edu)
92,Bridgewater College (bridgewater.edu)
93,Brigham Young University (byu.edu)
94,Brigham Young University Hawaii (byuh.edu)
95,Brown University (brown.edu)
96,Bryant College (bryant.edu)
97,Bryn Mawr College (brynmawr.edu)
98,Bucknell University (bucknell.edu)
99,Buena Vista University (bvu.edu)
100,Butler University (butler.edu)
101,California Coast University (calcoastuniv.edu)
102,California Institute of Technology (caltech.edu)
103,California Lutheran University (callutheran.edu)
104,California Maritime Academy (csum.edu)
105,California National University (cnuas.edu)
106,California Pacific University
107,"California Polytechnic State University, San Luis Obispo (calpoly.edu)"
108,California School of Professional Psychology
109,"California State Polytechnic University, Pomona (csupomona.edu)"
110,California State University System (calstate.edu)
111,"California State University, Bakersfield (csubak.edu)"
112,"California State University, Chico (csuchico.edu)"
113,"California State University, Dominguez Hills (csudh.edu)"
114,"California State University, Fresno (csufresno.edu)"
115,"California State University, Fullerton (fullerton.edu)"
116,"California State University, Hayward (csuhayward.edu)"
117,"California State University, Long Beach (csulb.edu)"
118,"California State University, Los Angeles (calstatela.edu)"
119,"California State University, Monterey Bay (monterey.edu)"
120,"California State University, Northridge (csun.edu)"
121,"California State University, Sacramento (csus.edu)"
122,"California State University, San Bernardino (csusb.edu)"
123,"California State University, San Jose (sjsu.edu)"
124,"California State University, San Marcos (csusm.edu)"
125,"California State University, Sacramento (csus.edu)"
126,"California State University, Stanislaus (csustan.edu)"
127,California University of Pennsylvania (cup.edu)
128,Calvin College (calvin.edu)
129,Campbell University (campbell.edu)
130,Campbellsville College (campbellsvil.edu)
131,Cameron University (cameron.edu)
132,Canisius College (canisius.edu)
133,Carleton College (carleton.edu)
134,Carlow College (carlow.edu)
135,Carnegie Mellon University (cmu.edu)
136,Carroll College (MT) (carroll.edu)
137,Carroll College (WI) (cc.edu)
138,Carson-Newman College (cn.edu)
139,Carthage College (carthage.edu)
140,Case Western Reserve University (cwru.edu)
141,Castleton State University (csc.vsc.edu)
142,The Catholic University of America (cua.edu)
143,Cedarville College (cedarville.edu)
144,Centenary College of Louisiana (centenary.edu)
145,Central College (central.edu)
146,Central Connecticut State University (ccsu.ctstateu.edu)
147,Central Methodist College (cmc.edu)
148,Central Michigan University (cmich.edu)
149,Central Missouri State University (cmsu.edu)
150,Central Washington University (cwu.edu)
151,Centre College (centre.edu)
152,Chadron State College (csc.edu)
153,Champlain College (champlain.edu)
154,Chapman University (chapman.edu)
155,Chatham College (chatham.edu)
156,Chesapeake College (chesapeake.edu)
157,Cheyney University (cheyney.edu)
158,The Chicago School of Professional Psychology (csopp.edu)
159,Christian Brothers University (cbu.edu)
160,Christian Theological Seminary (cts.edu)
161,Christopher Newport University (cnu.edu)
162,The Citadel (citadel.edu)
163,City University (cityu.edu)
164,City University of New York (cuny.edu)
165,Claremont Graduate School (cgs.edu)
166,Claremont McKenna College (mckenna.edu)
167,Clarion University of Pennsylvania (clarion.edu)
168,Clark University (clarku.edu)
169,Clarke College (clarke.edu)
170,Clarkson University (clarkson.edu)
171,Clayton State College (csc.peachnet.edu)
172,Clemson University (clemson.edu)
173,Cleveland State University (csuohio.edu)
174,Clinch Valley College (clinch.edu)
175,Coastal Carolina University (coastal.edu)
176,Coe College (coe.edu)
177,Coker College (coker.edu)
178,Colby College (colby.edu)
179,Colgate University (colgate.edu)
180,College of the Atlantic (coa.edu)
181,College of Charleston (cofc.edu)
182,College of Eastern Utah (ceu.edu)
183,College of the Holy Cross (holycross.edu)
184,College of Saint Benedict (csbsju.edu)
185,College of Saint Catherine (stkate.edu)
186,College of St. Francis (stfrancis.edu)
187,College of Saint Rose (strose.edu)
188,College of St. Scholastica (css.edu)
189,College of William and Mary (wm.edu)
190,The College of Wooster (wooster.edu)
191,Colorado Christian University (ccu.edu)
192,Colorado College (cc.colorado.edu)
193,Colorado School of Mines (mines.colorado.edu)
194,Colorado State University (colostate.edu)
195,Columbia College Chicago (colum.edu)
196,Columbia Southern University (colsouth.edu)
197,Columbia Union College (cuc.edu)
198,Columbia University (columbia.edu)
199,Concordia College-Ann Arbor (ccaa.edu)
200,Concordia College-Moorhead (cord.edu)
201,Concordia College-St. Paul (csp.edu)
202,Concordia College-Seward (ccsn.edu)
203,"Concordia University River Forest, Illinois (cuis.edu)"
204,Connecticut College (conncoll.edu)
205,The Cooper Union for the Advancement of Science and Art (cooper.edu)
206,Coppin State College (coppin.umd.edu)
207,Cornell College (cornell-iowa.edu)
208,Cornell University (cornell.edu)
209,Cornerstone College
210,Creighton University (creighton.edu)
211,Curry College (curry.edu)
212,Daemen College (daemen.edu)
213,Dakota State University (dsu.edu)
214,Dakota Wesleyan University (dwu.edu)
215,Dallas Baptist University (dbu.edu)
216,Dana College (dana.edu)
217,Daniel Webster College (dwc.edu)
218,Dartmouth College (dartmouth.edu)
219,Davenport College Detroit College of Business (davenport.edu)
220,Davidson College (davidson.edu)
221,Davis & Elkins College (dne.wvnet.edu)
222,Delaware State University (dsc.edu)
223,Delta State University (deltast.edu)
224,Denison University (denison.edu)
225,DePaul University (depaul.edu)
226,DePauw University (depauw.edu)
227,DeVry Institute of Technology (devrycols.edu)
228,DeVry Institute of Technology-Dallas (devry.edu)
229,DeVry Institute of Technology-Phoenix (devry-phx.edu)
230,Dickinson College (dickinson.edu)
231,Dickinson State University (dsu.nodak.edu)
232,Dillard University (dillard.edu)
233,Dominican College (dominican.edu)
234,Dordt College (Dordt.edu)
235,Dowling College (dowling.edu)
236,Drake University (drake.edu)
237,Drew University (drew.edu)
238,Drexel University (drexel.edu)
239,Drury College (drury.edu)
240,Duke University (duke.edu)
241,Duquesne University (duq.edu)
242,Earlham College (earlham.edu)
243,East Carolina University (ecu.edu)
244,East Central University (ecok.edu)
245,East Stroudsburg State University of Pennsylvania (esu.edu)
246,East Tennessee State University (etsu-tn.edu)
247,East Texas State University (etsu.edu)
248,Eastern Connecticut State University (ecsu.ctstateu.edu)
249,Eastern Illinois University (eiu.edu)
250,Eastern Kentucky University (eku.edu)
251,Eastern Mennonite University (emu.edu)
252,Eastern Michigan University (emich.edu)
253,Eastern Nazarene College
254,Eastern New Mexico University (enmu.edu)
255,Eastern Oregon State College (eosc.osshe.edu)
256,Eastern Washington University (ewu.edu)
257,Edgewood College (edgewood.edu)
258,Edinboro University of Pennsylvania (edinboro.edu)
259,Elizabeth City State University (ecsu.edu)
260,Elizabethtown College (etown.edu)
261,Elmhurst College (elmhurst.edu)
262,Elon College (elon.edu)
263,"Embry-Riddle Aeronautical University, Arizona (erau.edu)"
264,"Embry-Riddle Aeronautical University, Florida (erau.edu)"
265,Emerson College (emerson.edu)
266,Emmanuel College (emmanuel.edu)
267,Emmaus Bible College
268,Emporia State University (emporia.edu)
269,Emory & Henry College
270,Emory University (emory.edu)
271,Evergreen State College (evergreen.edu)
272,Fairfield University
273,Fairleigh Dickinson University (fdu.edu)
274,Fairmont State College (fairmont.wvnet.edu)
275,Fayetteville State University (fsufay.edu)
276,Ferris State University (ferris.edu)
277,Fielding Institute (fielding.edu)
278,Fisk University (fisk.edu)
279,Fitchburg State College (fsc.edu)
280,Florida Agricultural and Mechanical University (famu.edu)
281,Florida Atlantic University (fau.edu)
282,Florida Gulf Coast University (fgcu.edu)
283,Florida Institute of Technology (fit.edu)
284,Florida International University (fiu.edu)
285,Florida State University (fsu.edu)
286,Fontbonne College (fontbonne.edu)
287,Fordham University (fordham.edu)
288,Fort Hays State University (fhsu.edu)
289,Fort Lewis College (fortlewis.edu)
290,Franciscan University
291,Franklin and Marshall College (fandm.edu)
292,Franklin Pierce Law Center (fplc.edu)
293,Franklin University (franklin.edu)
294,Fresno Pacific University (fresno.edu)
295,Friends University (friends.edu)
296,Frostburg State University (fsu.umd.edu)
297,Fuller Theological Seminary (fuller.edu)
298,Furman University (furman.edu)
299,Gallaudet University (gallaudet.edu)
300,Gannon University (gannon.edu)
301,Geneva College (geneva.edu)
302,George Fox College (gfc.edu)
303,George Mason University (gmu.edu)
304,George Washington University (gwu.edu)
305,Georgetown University (georgetown.edu)
306,Georgia College (gac.peachnet.edu)
307,Georgia Institute of Technology (gatech.edu)
308,Georgia Southern University (gasou.edu)
309,Georgia Southwestern College (gsw.peachnet.edu)
310,Georgia State University (gsu.edu)
311,Georgian Court College (georgian.edu)
312,Gettysburg College (gettysburg.edu)
313,GMI Engineering and Management Institute (gmi.edu)
314,Golden Gate University (ggu.edu)
315,Goldey-Beacom College (gbc.edu)
316,Gonzaga University (gonzaga.edu)
317,Goshen College (goshen.edu)
318,Goucher College (goucher.edu)
319,Governors State University (bgu.edu)
320,Grace College (grace.edu)
321,Graceland College (graceland.edu)
322,Grand Valley State University (gvsu.edu)
323,Greenleaf University (greenleaf.edu)
324,Grinnell College (grin.edu)
325,Guilford College (guilford.edu)
326,Gustavus Adolphus College (gac.edu)
327,Gutenberg College
328,Hamilton College (hamilton.edu)
329,Hamline University (hamline.edu)
330,Hampden-Sydney College (hsc.edu)
331,Hampshire College (hampshire.edu)
332,Hampton University (hamptonu.edu)
333,Hanover College (hanover.edu)
334,Harding University (harding.edu)
335,Hartwick College (hartwick.edu)
336,Harvard University (harvard.edu)
337,Harvey Mudd College (hmc.edu)
338,Haskell Indian Nations University (haskell.edu)
339,Hastings College (hastings.edu)
340,Haverford College in Pennsylvania (haverford.edu)
341,Hawaii Pacific University (hpu.edu)
342,Heidelberg College (heidelberg.edu)
343,Hendrix College (hendrix.edu)
344,Hesston College (hesston.edu)
345,High Point University (highpoint.edu)
346,Hillsdale College (hillsdale.edu)
347,Hiram College (hiram.edu)
348,Hobart and William Smith Colleges (hws.edu)
349,Hofstra University (hofstra.edu)
350,Hollins College (hollins.edu)
351,Holy Cross College (holycross.edu)
352,Hood College (hood.edu)
353,Hope College (hope.edu)
354,Howard University (howard.edu)
355,Humboldt State University (humboldt.edu)
356,Hunter College (hunter.cuny.edu)
357,Huntingdon College (huntingdon.edu)
358,Huntington College (huntcol.edu)
359,ICI University (ici.edu)
360,Idaho State University (isu.edu)
361,Illinois Benedictine College (ibc.edu)
362,Illinois Institute of Technology (iit.edu)
363,Illinois State University (ilstu.edu)
364,Incarnate Word College (iwctx.edu)
365,Indiana Institute of Technology (indtech.edu)
366,Indiana State University (indstate.edu)
367,Indiana University System (indiana.edu)
368,Indiana University/Purdue University at Columbus (columbus.iupui.edu)
369,Indiana University/Purdue University at Fort Wayne (ipfw.indiana.edu)
370,Indiana University/Purdue University at Indianapolis (iupui.edu)
371,Indiana University at Bloomington (indiana.edu)
372,Indiana University at South Bend (iusb.indiana.edu)
373,Indiana University of Pennsylvania (iup.edu)
374,Indiana University Southeast at New Albany (ius.indiana.edu)
375,"Indiana Wesleyan University, Marion (indwes.edu)"
376,Inter American University of Puerto Rico Metropolitan Campus (metro.inter.edu)
377,Iona College (iona.edu)
378,Iowa State University (iastate.edu)
379,Ithaca College (ithaca.edu)
380,Jackson State University (jsums.edu)
381,Jacksonville University (ju.edu)
382,Jacksonville State University (jsu.edu)
383,James Madison University (jmu.edu)
384,Jamestown College (jc.edu)
385,The Jewish Theological Seminary (jtsa.edu)
386,John Brown University (jbu.edu)
387,John F. Kennedy University (jfku.edu)
388,Johns Hopkins University (jhu.edu)
389,Johnson Bible College (jbc.edu)
390,Johnson C. Smith University (jcsu.edu)
391,Johnson & Wales University (jwu.edu)
392,Johnson & Wales University-Charleston
393,Jones College (jones.edu)
394,Judson College (judson.edu)
395,Juniata College (juniata.edu)
396,Kalamazoo College (kzoo.edu)
397,Kansas State University (ksu.edu)
398,Kansas Wesleyan University (kwu.edu)
399,Kean College (kean.edu)
400,Keene State College (keene.edu)
401,Kent State University (kent.edu)
402,Kenyon College (kenyon.edu)
403,King's College (kings.edu)
404,Knox College (knox.edu)
405,Kutztown University of Pennsylvania (kutztown.edu)
406,La Sierra University (lasierra.edu)
407,LaGrange College (lgc.peachnet.edu)
408,Lafayette College (lafayette.edu)
409,Lake Forest College (lfc.edu)
410,Lake Superior State University (lssu.edu)
411,Lamar University (lamar.edu)
412,Langston University (lunet.edu)
413,LaSalle University (lasalle.edu)
414,Lawrence University (lawrence.edu)
415,Lawrence Technological University (ltu.edu)
416,Lebanon Valley College (lvc.edu)
417,Lehigh Univervsity (lehigh.edu)
418,Le Moyne College (lemoyne.edu)
419,Lenoir-Rhyne College (lrc.edu)
420,LeTourneau University (letu.edu)
421,Lewis & Clark College (lclark.edu)
422,Lewis-Clark State College (lcsc.edu)
423,Lewis University (lewisu.edu)
424,Liberty University (liberty.edu)
425,Lincoln University (lincoln.edu)
426,Linfield College (linfield.edu)
427,Lock Haven University of Pennsylvania (lhup.edu)
428,Loma Linda University (llu.edu)
429,Long Island University (liunet.edu)
430,Longwood College (lwc.edu)
431,Loras College (loras.edu)
432,Louisiana College (lacollege.edu)
433,Louisiana State University (lsu.edu)
434,Louisiana State University at Alexandria (lsua.edu)
435,Louisiana State University at Shreveport
436,Louisiana Tech University (latech.edu)
437,Loyola College (loyola.edu)
438,Loyola Marymount University (lmu.edu)
439,Loyola University Chicago (luc.edu)
440,Luther College (luther.edu)
441,Luther Seminary (luthersem.edu)
442,Lycoming College (lycoming.edu)
443,Lynchburg College (lynchburg.edu)
444,Lyndon State College (lsc.vsc.edu)
445,Lyon College (lyon.edu)
446,Macalester College (macalstr.edu)
447,Maharishi University of Management (mum.edu)
448,Maine Maritime Academy
449,Malone College (malone.edu)
450,Manhattan College (mancol.edu)
451,Mankato State University (mankato.msus.edu)
452,Mansfield University of Pennsylvania (mnsfld.edu)
453,Marietta College (marietta.edu)
454,Marist College (marist.edu)
455,Marlboro College (marlboro.edu)
456,Marquette University (mu.edu)
457,Marshall University (marshall.edu)
458,Mary Baldwin College (mbc.edu)
459,Marymount College (marymt.edu)
460,Marymount University (marymount.edu)
461,Mary Washington College (mwc.edu)
462,"MIT, Massachusetts Institute of Technology (mit.edu)"
463,McMurry University (mcm.acu.edu)
464,McNeese State University (mcneese.edu)
465,Medical College of Georgia (mcg.edu)
466,Medical College of Wisconsin (mcw.edu)
467,Mercer University (mercer.peachnet.edu)
468,Mercyhurst College (mercy.edu)
469,Meredith College (meredith.edu)
470,Messiah College (messiah.edu)
471,Metropolitan State College of Denver (mscd.edu)
472,Metropolitan State University (metro.msus.edu)
473,Miami Christian University (mcu.edu) Miami University of Ohio (muohio.edu)
474,Michigan State University (msu.edu)
475,Michigan Technological University (mtu.edu)
476,Mid-America Nazarene College (manc.edu)
477,Middlebury College (middlebury.edu)
478,Middle Georgia College (mgc.peachnet.edu)
479,Middle Tennessee State University (mtsu.edu)
480,Midwestern State University (mwsu.edu)
481,Millersville University of Pennsylvania (millersv.edu)
482,Milligan College (milligan-college.tn.us)
483,Millikin University (millikin.edu)
484,Millsaps College (millsaps.edu)
485,Milwaukee School of Engineering (msoe.edu)
486,Minot State University (misu.nodak.edu)
487,Minneapolis College of Art and Design (mcad.edu)
488,Mississippi College (mc.edu)
489,Mississippi State University (msstate.edu)
490,Mississippi University for Women (muw.edu)
491,Missouri Southern State College (mssc.edu)
492,Missouri Western State College (mwsc.edu)
493,Molloy College (molloy.edu)
494,Monmouth College (monm.edu)
495,Monmouth University (monmouth.edu)
496,Montana State University-Billings (msubillings.edu)
497,Montana State University-Bozeman (montana.edu)
498,Montana State University-Northern (nmclites.edu)
499,Montana Tech (mtech.edu)
500,Montclair State University (montclair.edu)
501,Montreat College (montreat.edu)
502,Moravian College (moravian.edu)
503,Moorhead State University (moorhead.msus.edu)
504,Morehouse College
505,Morgan State University (morgan.edu)
506,Mount Senario College (mscfs.edu)
507,Mount Holyoke College (mtholyoke.edu)
508,Mount Saint Joseph College (msjnet.edu)
509,Mount Saint Mary College (msmc.edu)
510,Mount Union College (muc.edu)
511,Murray State University (mursuky.edu)
512,Muskingum College (muskingum.edu)
513,National Defense University (ndu.edu)
514,National-Louis University (nl.edu)
515,National Technological University (ntu.edu)
516,National University (nu.edu)
517,Naval Postgraduate School (nps.navy.mil)
518,Nazareth College (naz.edu)
519,Newberry College (newberry.edu)
520,New England Institute of Technology
521,New College of California (newcollege.edu)
522,New Hampshire College (nhc.edu)
523,New Jersey Institute of Technology (njit.edu)
524,New Mexico Highlands University (nmhu.edu)
525,New Mexico Institute of Mining & Technology (nmt.edu)
526,New Mexico State University (nmsu.edu)
527,New York Institute of Technology (nyit.edu)
528,New York University (nyu.edu)
529,Niagara University (niagara.edu)
530,Nicholls State University (nich.edu)
531,Norfolk State University (nsu.edu)
532,North Adams State College (nasc.mass.edu)
533,North Carolina Central University (NCCU.edu)
534,North Carolina A&T State University (ncat.edu)
535,North Carolina State University (ncsu.edu)
536,North Carolina Wesleyan College (ncwc.edu)
537,North Central Bible College (ncbc.edu)
538,North Dakota State University (ndsu.nodak.edu)
539,Northland College (northland.edu)
540,North Park College and Theological Seminary (npcts.edu)
541,Northeastern Illinois University
542,Northeastern Louisiana University (nlu.edu)
543,Northeastern State University (nsuok.edu)
544,Northeastern University (northeastern.edu)
545,Northern Arizona University (nau.edu)
546,Northern Illinois University (niu.edu)
547,Northern Kentucky University (nku.edu)
548,Northern Michigan University (nmu.edu)
549,Northern State University (northern.edu)
550,Northwest Missouri State University (nwmissouri.edu)
551,Northwest Nazarene College (nnc.edu)
552,Northwestern College of Iowa (nwciowa.edu)
553,Northwestern State University (nsula.edu)
554,Northwestern University (nwu.edu)
555,Norwich University (norwich.edu)
556,Nova Southeastern University (nova.edu)
557,Oakland University (oakland.edu)
558,Oberlin College (oberlin.edu)
559,Occidental College (oxy.edu)
560,Ohio Dominican College (odc.edu)
561,Ohio Northern University (onu.edu)
562,"Ohio State University, Columbus (ohio-state.edu)"
563,"Ohio State University, Marion (marion.ohio-state.edu)"
564,Ohio Wesleyan University (owu.edu)
565,"Ohio University, Athens (ohiou.edu)"
566,Oklahoma Baptist University (okbu.edu)
567,Oklahoma City University (okcu.edu)
568,Oklahoma State University (okstate.edu)
569,Old Dominion University (odu.edu)
570,Olivet Nazarene University (olivet.edu)
571,Oral Roberts University (oru.edu)
572,Oregon Graduate Institute of Science and Technology (ogi.edu)
573,Oregon Health Sciences University (ohsu.edu)
574,Oregon Institute of Technology (oit.osshe.edu)
575,Oregon State University (orst.edu)
576,Otterbein College (otterbein.edu)
577,Our Lady of the Lake University (ollusa.edu)
578,Pace University (pace.edu)
579,Pacific Lutheran University (plu.edu)
580,Pacific Union College (puc.edu)
581,Pacific University (pacificu.edu)
582,Pacific Western University (pwu.com)
583,Palm Beach Atlantic College (pbac.edu)
584,Peace College (Peace.edu)
585,Pembroke State University (pembroke.edu)
586,Pennsylvania State System of Higher Education (sshechan.edu)
587,Pennsylvania State University (psu.edu)
588,Pennsylvania State University-Schuylkill Campus (sl.psu.edu)
589,Pensacola Christian College (pcci.edu)
590,Pepperdine University (pepperdine.edu)
591,Peru State College (peru.edu)
592,Philadelphia College of Textiles and Science (philacol.edu)
593,Phillips University (phillips.edu)
594,Pittsburg State University (pittstate.edu)
595,Pitzer College (pitzer.edu)
596,Platt College (platt.edu)
597,Plymouth State College (plymouth.edu)
598,Point Loma Nazarene College
599,Polytechnic University of New York (poly.edu)
600,Polytechnic University of Puerto Rico (pupr.edu)
601,Pomona College (pomona.edu)
602,Portland State University (pdx.edu)
603,Prairie View A&M University (pvamu.edu)
604,Pratt Institute (pratt.edu)
605,Prescott College (asu.edu)
606,Princeton University (princeton.edu)
607,Presbyterian College (presby.edu)
608,Providence College (providence.edu)
609,Purdue University (purdue.edu)
610,Purdue University Calumet (purdue.edu)
611,Purdue University North Central (purduenc.edu)
612,Quincy University (quincy.edu)
613,Quinnipiac College (quinnipiac.edu)
614,Radford University (runet.edu)
615,Ramapo College (ramapo.edu)
616,Randolph-Macon College (rmc.edu)
617,Randolph-Macon Woman's College (rmwc.edu)
618,Reed College (reed.edu)
619,Regent University (regent.edu)
620,Regis University (regis.edu)
621,Rensselaer Polytechnic Institute (rpi.edu)
622,Rhode Island College (ric.edu)
623,Rhodes College (rhodes.edu)
624,Rice University (rice.edu)
625,Richard Stockton College of New Jersey (stockton.edu)
626,Rider University (rider.edu)
627,Ripon College (Ripon.EDU)
628,Rivier College (riv.edu)
629,Roanoke College (roanoke.edu)
630,Rochester Institute of Technology (rit.edu)
631,The Rockefeller University (rockefeller.edu)
632,Rockford College (rockford.edu)
633,Rockhurst College (rockhurst.edu)
634,Rocky Mountain College (rocky.edu)
635,Roger Williams University (rwu.edu)
636,Rollins College (rollins.edu)
637,Rosary College (rosary.edu)
638,Rose-Hulman Institute of Technology (rose-hulman.edu)
639,Rowan College (rowan.edu)
640,Rutgers University (rutgers.edu)
641,"Rutgers University, Camden (rutgers.edu)"
642,"Rutgers University, Newark (rutgers.edu)"
643,The Sage Colleges (sage.edu)
644,Sacred Heart University (CT) (sacredheart.edu)
645,Sacred Heart University (PR) (usc.clu.edu)
646,Saginaw Valley State University (svsu.edu)
647,St. Ambrose University (sau.edu)
648,St. Andrews Presbyterian College (sapc.edu)
649,Saint Anselm College (anselm.edu)
650,St. Bonaventure University (sbu.edu)
651,Saint Cloud State University (stcloud.msus.edu)
652,Saint Edward's University (stedwards.edu)
653,Saint Francis College (sfcpa.edu)
654,St. John's College-Annapolis (sjca.edu)
655,St. John's College-Santa Fe (sjcsf.edu)
656,Saint John's University (MN) (csbsju.edu)
657,Saint John's University (NY) (stjohns.edu)
658,St. Joseph College (CT) (sjc.edu)
659,Saint Joseph's College (IN) (saintjoe.edu)
660,St. Joseph's College (ME) (sjcme.edu)
661,Saint Joseph's University (sju.edu)
662,St. Lawrence University (stlawu.edu)
663,St. Louis College of Pharmacy (stlcop.edu)
664,Saint Louis University (slu.edu)
665,St. Martin's College (stmartin.edu)
666,Saint Mary College (smcks.edu)
667,Saint Mary's College (IN) (saintmarys.edu)
668,Saint Mary's College of California (stmarys-ca.edu)
669,Saint Mary's University of Minnesota (smumn.edu)
670,Saint Michael's College (smcvt.edu)
671,Saint Olaf College (stolaf.edu)
672,St. Thomas University (FL) (stu.edu)
673,Saint Vincent College (stvincent.edu)
674,Saint Xavier University (sxu.edu)
675,Salisbury State University (ssu.umd.edu)
676,Salish Kootenai College (skc.edu)
677,Sam Houston State University (shsu.edu)
678,Samford University (samford.edu)
679,San Diego State University (sdsu.edu)
680,San Francisco State University (sfsu.edu)
681,San Jose State University (sjsu.edu)
682,Santa Clara University (scu.edu)
683,Sarah Lawrence College (slc.edu)
684,School of the Art Institute of Chicago (artic.edu)
685,Seattle Pacific University (spu.edu)
686,Seattle University (seattleu.edu)
687,Seton Hall University (shu.edu)
688,"Sewanee, University of the South (sewanee.edu)"
689,Shawnee State University (shawnee.edu)
690,Shenandoah University (su.edu)
691,Shippensburg University of Pennsylvania (ship.edu)
692,Shorter College (shorter.edu)
693,Simmons College (simmons.edu)
694,Simon's Rock College (simons-rock.edu)
695,Simpson College (simpson.edu)
696,Skidmore College (skidmore.edu)
697,Slippery Rock University of Pennsylvania (sru.edu)
698,Smith College (smith.edu)
699,Sonoma State University (sonoma.edu)
700,South Dakota School of Mines and Technology (sdsmt.edu)
701,South Dakota State University (sdstate.edu)
702,Southeast Missouri State University (semo.edu)
703,Southeastern Louisiana University (selu.edu)
704,Southern College (southern.edu)
705,Southern College of Technology (sct.edu)
706,Southern Connecticut State University (scwww.ctstateu.edu)
707,Southern Illinois University (siu.edu)
708,Southern Illinois University-Carbondale (siu.edu)
709,Southern Illinois University-Edwardsville (siue.edu)
710,Southern Methodist University (smu.edu)
711,Southern Nazarene University (snu.edu)
712,Southern Oregon State College (sosc.osshe.edu)
713,Southern University (subr.edu)
714,Southern Utah University (suu.edu)
715,Southampton College (liunet.edu)
716,South Texas College of Law (stcl.edu)
717,Southwest Baptist University (sbuniv.edu)
718,Southwest Missouri State University (smsu.edu)
719,Southwest State University (southwest.msus.edu)
720,Southwest Texas State University (swt.edu)
721,Southwestern Adventist College (swac.edu)
722,Southwestern University (southwestern.edu)
723,Spelman College (auc.edu)
724,Spring Arbor College (arbor.edu)
725,Spring Hill College (shc.edu)
726,Stanford University (stanford.edu)
727,State University of New York System (sunycentral.edu)
728,State University of New York at Albany (albany.edu)
729,State University of New York College of Technology at Alfred (alfredtech.edu)
730,State University of New York at Binghamton (binghamton.edu)
731,State University of New York College at Brockport (brockport.edu)
732,State University of New York at Buffalo (buffalo.edu)
733,State University of New York College at Buffalo (Buffalo State College) (snybuf.edu)
734,State University of New York College of Agriculture and Technology at Cobleskill (cobleskill.edu)
735,State University of New York College at Cortland (cortland.edu)
736,State University of New York College of Environmental Science and Forestry (esf.edu)
737,State University of New York at Farmingdale (farmingdale.edu)
738,State University of New York at Fredonia (fredonia.edu)
739,State University of New York College at Geneseo (geneseo.edu)
740,State University of New York College at New Paltz (newpaltz.edu)
741,State University of New York College at Oneonta
742,State University of New York at Oswego (oswego.edu)
743,State University of New York at Plattsburgh (plattsburgh.edu)
744,State University of New York College at Potsdam (potsdam.edu)
745,State University of New York at Stony Brook (sunysb.edu)
746,State University of New York Institute of Technology at Utica/Rome (sunyit.edu)
747,Stephen F. Austin State University (sfasu.edu)
748,Stephens College (stephens.edu)
749,Stetson University (stetson.edu)
750,Stevens Institute of Technology (stevens-tech.edu)
751,Strayer College (strayer.edu)
752,Suffolk University (suffolk.edu)
753,Sul Ross State University (sulross.edu)
754,Summit University of Louisiana (summitunivofla.edu)
755,Susquehanna University (susqu.edu)
756,Swarthmore College (swarthmore.edu)
757,Sweet Briar College (sbc.edu)
758,Syracuse University (syr.edu)
759,Tabor College (tabor.edu)
760,Tarleton State University (tarleton.edu)
761,Taylor University (tayloru.edu)
762,"Teachers College, Columbia University (tc.columbia.edu)"
763,Teikyo Marycrest University (mcrest.edu)
764,Temple University (temple.edu)
765,Tennessee State University (tnstate.edu)
766,Tennessee Technological University (tntech.edu)
767,Texas A&M International University (tamiu.edu)
768,Texas A&M University-College Station (tamu.edu)
769,Texas A&M University-Corpus Christi (tamucc.edu)
770,Texas A&M University-Kingsville (taiu.edu)
771,Texas Christian University (tcu.edu)
772,Texas Southern University (tsu.edu)
773,Texas Tech University (ttu.edu)
774,Texas Tech University-Health Sciences Center (ttuhsc.edu)
775,Texas Woman's University (twu.edu)
776,Thomas College (thomas.edu)
777,Thomas Edison State College (tesc.edu)
778,Thomas Jefferson University (tju.edu)
779,Thomas More College (thomasmore.edu)
780,Towson State University (towson.edu)
781,Transylvania University (transy.edu)
782,Trenton State College (trenton.edu)
783,Trinity College (CT) (trincoll.edu)
784,Trinity College (DC)
785,Trinity University (trinity.edu)
786,Troy State University (tsufl.edu)
787,Truman State University (truman.edu)
788,Tucson University (tucsonu.edu)
789,Tufts University (tufts.edu)
790,Tulane University (tulane.edu)
791,Tuskegee University (tusk.edu)
792,Union College (union.edu)
793,The Union Institute (tui.edu)
794,Union University (uu.edu)
795,United States Air Force Academy (usafa.af.mil)
796,United States International University (usiu.edu)
797,United States Merchant Marine Academy (usmma.edu)
798,United States Military Academy (usma.edu)
799,United States Naval Academy (nadn.navy.mil)
800,The Uniformed Services University of the Health Sciences (usuhs.mil)
801,Ursinus College (ursinus.edu)
802,Ursuline College
803,UA-B
804,University of Akron (uakron.edu)
805,University of Alabama at Birmingham (uab.edu)
806,University of Alabama at Huntsville (uah.edu)
807,University of Alabama at Tuscaloosa (ua.edu)
808,University of Alaska (alaska.edu)
809,University of Alaska-Anchorage (uaa.alaska.edu)
810,University of Alaska-Fairbanks (alaska.edu)
811,University of Alaska-Southeast (alaska.edu)
812,University of Arizona (arizona.edu)
813,University of Arkansas - Fayetteville (uark.edu)
814,University of Arkansas - Little Rock (ualr.edu)
815,University of Arkansas for Medical Sciences (uams.edu)
816,University of Arkansas - Monticello (uamont.edu)
817,University of Baltimore (ubalt.edu)
818,University of Bridgeport (bridgeport.edu)
819,UC
820,"University of California, Berkeley (berkeley.edu)"
821,"University of California, Davis (ucdavis.edu)"
822,"University of California, Irvine (uci.edu)"
823,"University of California, Los Angeles (ucla.edu)"
824,"University of California, Riverside (ucr.edu)"
825,"University of California, San Diego (ucsd.edu)"
826,"University of California, San Francisco (ucsf.edu)"
827,"University of California, Santa Barbara (ucsb.edu)"
828,"University of California, Santa Cruz (ucsc.edu)"
829,University of Central Arkansas (uca.edu)
830,University of Central Florida (ucf.edu)
831,University of Central Texas
832,University of Charleston (uchaswv.edu)
833,University of Chicago (uchicago.edu)
834,University of Cincinnati (uc.edu)
835,University of Colorado at Boulder (colorado.edu)
836,University of Colorado at Colorado Springs (uccs.edu)
837,University of Colorado at Denver (cudenver.edu)
838,University of Colorado Health Sciences Center (hsc.colorado.edu)
839,University of Connecticut (uconn.edu)
840,UD-H
841,University of Dallas (udallas.edu)
842,University of Dayton (udayton.edu)
843,University of Delaware (udel.edu)
844,University of Denver (du.edu)
845,University of the District of Columbia (udc.edu)
846,University of Detroit Mercy (udmercy.edu)
847,University of Dubuque (dbq.edu)
848,University of Evansville (evansville.edu)
849,University of Florida (ufl.edu)
850,University of Georgia (uga.edu)
851,University of Great Falls (ugf.edu)
852,University of Guam (uog.edu)
853,University of Hartford (hartford.edu)
854,University of Hawaii at Hilo Physics and Astronomy (uhh.hawaii.edu)
855,University of Hawaii at Manoa (hawaii.edu)
856,University of Houston (uh.edu)
857,UI-L
858,University of Idaho (uidaho.edu)
859,University of Illinois at Chicago (uic.edu)
860,University of Illinois at Springfield (sangamon.edu)
861,University of Ilinois at Urbana-Champaign (uiuc.edu)
862,University of Indianapolis (uindy.edu)
863,University of Iowa (uiowa.edu)
864,University of Kansas (ukans.edu)
865,University of Kansas School of Medicine (kumc.edu)
866,University of Kentucky (uky.edu)
867,University of La Verne (ulaverne.edu)
868,University of Louisville (louisville.edu)
869,UM
870,University of Maine System (maine.edu)
871,University of Maine (ume.maine.edu)
872,University of Maine at Farmington (umf.maine.edu)
873,University of Maine at Fort Kent (umfk.maine.edu)
874,University of Maine at Machias (umm.maine.edu)
875,University of Maine at Presque Island (umpi.maine.edu)
876,University of Maryland at Baltimore (ab.umd.edu)
877,University of Maryland at Baltimore County (umbc.edu)
878,University of Maryland at College Park (umcp.umd.edu)
879,University of Maryland - University College (umuc.edu)
880,University of Massachusetts System (umassp.edu)
881,University of Massachusetts at Amherst (umass.edu)
882,University of Massachusetts at Dartmouth (umassd.edu)
883,University of Massachusetts at Lowell (uml.edu)
884,University of Memphis (memphis.edu)
885,University of Miami (miami.edu)
886,University of Michigan-Ann Arbor (umich.edu)
887,University of Michigan-Dearborn (umd.umich.edu)
888,University of Minnesota (umn.edu)
889,University of Minnesota-Crookston (crk.umn.edu)
890,University of Minnesota-Duluth (d.umn.edu)
891,University of Minnesota-Morris (mrs.umn.edu)
892,University of Minnesota-Twin Cities (umn.edu)
893,University of Mississippi (olemiss.edu)
894,University of Mississippi Medical Center (umsmed.edu)
895,University of Missouri System (missouri.edu)
896,University of Missouri-Columbia (missouri.edu)
897,University of Missouri-Kansas City (umkc.edu)
898,University of Missouri-Rolla (umr.edu)
899,University of Missouri-Saint Louis (umsl.edu)
900,University of Montana (umt.edu)
901,UN
902,"University of Nebraska, Kearney (unk.edu)"
903,"University of Nebraska, Lincoln (unl.edu)"
904,"University of Nebraska, Omaha (unomaha.edu)"
905,"University of Nevada, Las Vegas (unlv.edu)"
906,"University of Nevada, Reno (unr.edu)"
907,University of New England (une.edu)
908,"University of New Hampshire, Durham (unh.edu)"
909,University of New Haven (newhaven.edu)
910,University of New Mexico (unm.edu)
911,University of New Orleans (uno.edu)
912,University of North Carolina at Asheville (unca.edu)
913,University of North Carolina at Chapel Hill (unc.edu)
914,University of North Carolina at Charlotte (uncc.edu)
915,University of North Carolina at Greensboro (uncg.edu)
916,University of North Carolina System (unc.edu)
917,University of North Carolina at Wilmington (uncwil.edu)
918,University of North Dakota (und.nodak.edu)
919,University of North Florida (unf.edu)
920,University of North Texas (unt.edu)
921,University of North Texas Health Science Center (hsc.unt.edu)
922,University of Northern Colorado (univnorthco.edu)
923,University of Northern Iowa (uni.edu)
924,University of Notre Dame (nd.edu)
925,UO-S
926,University of Oklahoma (uoknor.edu)
927,University of Oregon (uoregon.edu)
928,University of the Ozarks (ozarks.edu)
929,University of the Pacific (uop.edu)
930,University of Pennsylvania (upenn.edu)
931,University of Phoenix (uophx.edu)
932,University of Pittsburgh (pitt.edu)
933,University of Pittsburgh at Johnstown (pitt.edu)
934,University of Portland (uofport.edu)
935,University of Puerto Rico (upr.clu.edu)
936,University of Puget Sound (ups.edu)
937,University of Redlands (uor.edu)
938,University of Rhode Island (uri.edu)
939,University of Richmond (urich.edu)
940,University of Rochester (rochester.edu)
941,University of San Diego (acusd.edu)
942,University of San Francisco (usfca.edu)
943,University of Sarasota (sarasota.fl.us)
944,University of Science & Arts of Oklahoma (usao.edu)
945,University of Scranton (uofs.edu)
946,University of Sioux Falls (thecoo.edu)
947,University of Southern California (usc.edu)
948,University of South Carolina (scarolina.edu)
949,University of South Carolina - Aiken (sc.edu)
950,University of South Dakota (usd.edu)
951,University of South Florida (usf.edu)
952,University of Southern Maine (usm.maine.edu)
953,University of Southern Mississippi (usm.edu)
954,University of Southwestern Louisiana (usl.edu)
955,University of Saint Thomas (stthom.edu)
956,University of Saint Thomas (MN) (stthomas.edu)
957,University of South Alabama (usouthal.edu)
958,University of Southern Colorado (uscolo.edu)
959,University of Southern Indiana (usi.edu)
960,UT
961,University of Tampa (utampa.edu)
962,"University of Tennessee, Knoxville (utk.edu)"
963,"University of Tennessee, Martin (utm.edu)"
964,University of Texas System (utsystem.edu)
965,University of Texas at Arlington (uta.edu)
966,University of Texas at Austin (utexas.edu)
967,University of Texas at Brownsville (utb.edu)
968,University of Texas at Dallas (utdallas.edu)
969,University of Texas at El Paso (utep.edu)
970,University of Texas-Pan American (panam.edu)
971,University of Texas at San Antonio (utsa.edu)
972,University of Texas Health Science Center at Houston (uth.tmc.edu)
973,University of Texas Health Science Center at San Antonio (uthscsa.edu)
974,University of Texas at Tyler
975,University of Texas Health Center at Tyler (uthct.edu)
976,University of Texas M.D. Anderson Cancer Center (utmdacc.uth.tmc.edu)
977,University of Texas Medical Branch (utmb.edu)
978,University of Texas Southwestern Medical Center at Dallas (swmed.edu)
979,University of Toledo (utoledo.edu)
980,University of Tulsa (utulsa.edu)
981,UU-W
982,University of Utah (utah.edu)
983,University of Vermont (uvm.edu)
984,University of the Virgin Islands (uvi.edu)
985,"University of Virginia, Charlottesville (virginia.edu)"
986,University of Washington (washington.edu)
987,University of West Alabama (westal.edu)
988,University of West Florida (uwf.edu)
989,University of Wisconsin System (uwsa.edu)
990,University of Wisconsin-Eau Claire (uwec.edu)
991,University of Wisconsin-Green Bay (uwgb.edu)
992,University of Wisconsin-LaCrosse (uwlax.edu)
993,University of Wisconsin-Madison (wisc.edu)
994,University of Wisconsin-Milwaukee (uwm.edu)
995,University of Wisconsin-Oshkosh (uwosh.edu)
996,University of Wisconsin-Parkside (uwp.edu)
997,University of Wisconsin-Platteville (uwplatt.edu)
998,University of Wisconsin-River Falls (uwrf.edu)
999,University of Wisconsin-Stevens Point (uwsp.edu)
1000,University of Wisconsin-Stout (uwstout.edu)
1001,University of Wisconsin-Superior (uwsuper.edu)
1002,University of Wisconsin-Whitewater (uww.edu)
1003,University of Wyoming (uwyo.edu)
1004,Upper Iowa University (uiu.edu)
1005,Utah State University (usu.edu)
1006,Utah Valley State College (uvsc.edu)
1007,Valley City State University (vcsu.nodak.edu)
1008,Valdosta State University (valdosta.peachnet.edu)
1009,Valparaiso University (valpo.edu)
1010,Vanderbilt University (vanderbilt.edu)
1011,Vassar College (vassar.edu)
1012,Vermont Technical College (vtc.vsc.edu)
1013,Villa Julie College (vjc.edu)
1014,Villanova University (vill.edu)
1015,Virginia Commonwealth University (vcu.edu)
1016,Virginia Intermont College (vic.edu)
1017,Virginia Military Institute (vmi.edu)
1018,Virginia Polytechnic Institute and State University (vt.edu)
1019,Virginia State University (vsu.edu)
1020,Virginia Wesleyan College (vwc.edu)
1021,Wabash College (wabash.edu)
1022,Wake Forest University (wfu.edu)
1023,Walden University (waldenu.edu)
1024,Walla Walla College (wwc.edu)
1025,Warren Wilson College (warren-wilson.edu)
1026,Wartburg College (wartburg.edu)
1027,Washburn University (wuacc.edu)
1028,Washington Bible College/Capital Bible Seminary (bible.edu)
1029,Washington & Lee University (wlu.edu)
1030,Washington College (washcoll.edu)
1031,Washington State University (wsu.edu)
1032,Washington State University at Tri-Cities (wsu.edu)
1033,Washington State University at Vancouver (vancouver.wsu.edu)
1034,"Washington University, Saint Louis (wustl.edu)"
1035,Wayne State University (wayne.edu)
1036,Waynesburg College (waynesburg.edu) Weber State University (weber.edu)
1037,Webster University (websteruniv.edu)
1038,Wellesley College (wellesley.edu)
1039,Wells College (wells.edu)
1040,Wentworth Institute of Technology (wit.edu)
1041,Wesley College (wesley.edu)
1042,Wesleyan University (wesleyan.edu)
1043,West Chester University of Pennsylvania (wcupa.edu)
1044,West Coast University (wcula.edu)
1045,West Georgia College (westga.edu)
1046,West Liberty State College (wlsc.wvnet.edu)
1047,West Texas A&M University (wtamu.edu)
1048,West Virginia University (wvu.edu)
1049,West Virginia University at Parkersburg (wvup.wvnet.edu)
1050,Western Carolina University (wcu.edu)
1051,Western Connecticut State University (wcsu.ctstateu.edu)
1052,Western Illinois University (wiu.edu)
1053,Western Kentucky University (wku.edu)
1054,Western Maryland College (wmc.car.md.us)
1055,Western Michigan University (wmich.edu)
1056,Western Montana College (wmc.edu)
1057,Western New England College (wnec.edu)
1058,Western New Mexico University (wnmu.edu)
1059,Western State College (wsc.colorado.edu)
1060,Western Washington University (wwu.edu)
1061,Westfield State College (wsc.mass.edu)
1062,Westminster College (westminster.edu)
1063,Westminster College (westminster-mo.edu)
1064,Westminster College of Salt Lake City (wcslc.edu)
1065,Westminster Theological Seminary (wts.edu)
1066,Westmont College (westmont.edu)
1067,Wheaton College (wheaton.edu)
1068,"Wheaton College, Norton MA (wheatonma.edu)"
1069,Wheeling Jesuit College (wjc.edu)
1070,Whitman College (whitman.edu)
1071,Whittier College (whittier.edu)
1072,Whitworth College (whitworth.edu)
1073,Wichita State University (twsu.edu)
1074,Widener University (widener.edu)
1075,Wilberforce University (wilberforce.edu)
1076,Wilkes University (wilkes.edu)
1077,Willamette University (willamette.edu)
1078,William Howard Taft University (taftu.edu)
1079,William Jewell College (jewell.edu)
1080,William Mitchell College of Law (wmitchell.edu)
1081,William Penn College (wmpenn.edu)
1082,William Paterson College (wilpaterson.edu)
1083,William Woods University (wmwoods.edu)
1084,Williams College (williams.edu)
1085,Wilmington College (wilmington.edu)
1086,Winona State University (winona.msus.edu)
1087,Winthrop University (winthrop.edu)
1088,Wittenberg University (wittenberg.edu)
1089,Wofford College (wofford.edu)
1090,Woodbury University (woodburyu.edu)
1091,Worcester Polytechnic Institute (wpi.edu)
1092,Wright State University (wright.edu)
1093,Xavier University of Louisiana (xula.edu)
1094,Yale University (yale.edu)
1095,Yeshiva University (yu.edu)
1096,York College of Pennsylvania (ycp.edu)
1097,Youngstown State University (ysu.edu)